Automated commit on Sun Feb  9 08:03:55 UTC 2025
Automated commit on Sun Feb  9 13:40:37 UTC 2025
Automated commit on Mon Feb 10 13:42:02 UTC 2025
Automated commit on Tue Feb 11 13:41:43 UTC 2025
Automated commit on Wed Feb 12 13:41:26 UTC 2025
Automated commit on Thu Feb 13 13:41:39 UTC 2025
Automated commit on Fri Feb 14 13:41:35 UTC 2025
Automated commit on Sat Feb 15 13:40:58 UTC 2025
Automated commit on Sun Feb 16 13:40:56 UTC 2025
Automated commit on Mon Feb 17 13:42:16 UTC 2025
Automated commit on Tue Feb 18 13:41:39 UTC 2025
Automated commit on Wed Feb 19 13:41:48 UTC 2025
Automated commit on Thu Feb 20 13:43:07 UTC 2025
Automated commit on Fri Feb 21 13:40:58 UTC 2025
Automated commit on Sat Feb 22 13:40:42 UTC 2025
Automated commit on Sun Feb 23 13:40:57 UTC 2025
Automated commit on Mon Feb 24 13:43:03 UTC 2025
Automated commit on Tue Feb 25 13:42:54 UTC 2025
Automated commit on Wed Feb 26 13:43:03 UTC 2025
Automated commit on Thu Feb 27 13:43:02 UTC 2025
Automated commit on Fri Feb 28 13:41:57 UTC 2025
Automated commit on Sat Mar  1 13:40:57 UTC 2025
Automated commit on Sun Mar  2 13:40:42 UTC 2025
Automated commit on Mon Mar  3 13:43:24 UTC 2025
Automated commit on Tue Mar  4 13:43:36 UTC 2025
Automated commit on Wed Mar  5 13:43:18 UTC 2025
Automated commit on Thu Mar  6 13:43:15 UTC 2025
Automated commit on Fri Mar  7 13:42:39 UTC 2025
Automated commit on Sat Mar  8 13:40:54 UTC 2025
Automated commit on Sun Mar  9 13:40:58 UTC 2025
Automated commit on Mon Mar 10 13:44:44 UTC 2025
Automated commit on Tue Mar 11 13:44:14 UTC 2025
Automated commit on Wed Mar 12 13:44:25 UTC 2025
Automated commit on Thu Mar 13 13:44:07 UTC 2025
Automated commit on Fri Mar 14 13:42:18 UTC 2025
Automated commit on Sat Mar 15 13:40:55 UTC 2025
Automated commit on Sun Mar 16 13:41:34 UTC 2025
Automated commit on Mon Mar 17 13:45:32 UTC 2025
Automated commit on Tue Mar 18 13:45:09 UTC 2025
Automated commit on Wed Mar 19 13:44:44 UTC 2025
Automated commit on Thu Mar 20 13:44:41 UTC 2025
Automated commit on Fri Mar 21 13:43:37 UTC 2025
Automated commit on Sat Mar 22 13:40:37 UTC 2025
Automated commit on Sun Mar 23 13:40:51 UTC 2025
Automated commit on Mon Mar 24 13:45:42 UTC 2025
Automated commit on Tue Mar 25 13:45:11 UTC 2025
Automated commit on Wed Mar 26 13:46:14 UTC 2025
Automated commit on Thu Mar 27 13:45:24 UTC 2025
Automated commit on Fri Mar 28 13:44:27 UTC 2025
Automated commit on Sat Mar 29 13:40:48 UTC 2025
Automated commit on Sun Mar 30 13:40:53 UTC 2025
Automated commit on Mon Mar 31 13:46:14 UTC 2025
Automated commit on Tue Apr  1 13:47:20 UTC 2025
Automated commit on Wed Apr  2 13:46:26 UTC 2025
Automated commit on Thu Apr  3 13:45:46 UTC 2025
Automated commit on Fri Apr  4 13:44:38 UTC 2025
Automated commit on Sat Apr  5 13:40:58 UTC 2025
Automated commit on Sun Apr  6 13:41:10 UTC 2025
Automated commit on Mon Apr  7 13:46:52 UTC 2025
Automated commit on Tue Apr  8 13:46:39 UTC 2025
Automated commit on Wed Apr  9 13:50:39 UTC 2025
Automated commit on Thu Apr 10 13:46:40 UTC 2025
Automated commit on Fri Apr 11 13:46:09 UTC 2025
Automated commit on Sat Apr 12 13:40:43 UTC 2025
Automated commit on Sun Apr 13 13:45:28 UTC 2025
Automated commit on Mon Apr 14 13:47:23 UTC 2025
Automated commit on Tue Apr 15 13:47:43 UTC 2025
Automated commit on Wed Apr 16 13:46:50 UTC 2025
Automated commit on Thu Apr 17 13:45:38 UTC 2025
Automated commit on Fri Apr 18 13:43:27 UTC 2025
Automated commit on Sat Apr 19 13:41:54 UTC 2025
Automated commit on Sun Apr 20 13:43:20 UTC 2025
Automated commit on Mon Apr 21 13:44:57 UTC 2025
Automated commit on Tue Apr 22 13:46:51 UTC 2025
Automated commit on Wed Apr 23 13:47:04 UTC 2025
Automated commit on Thu Apr 24 13:47:59 UTC 2025
Automated commit on Fri Apr 25 13:45:45 UTC 2025
Automated commit on Sat Apr 26 13:42:46 UTC 2025
Automated commit on Sun Apr 27 13:41:23 UTC 2025
Automated commit on Mon Apr 28 13:55:10 UTC 2025
Automated commit on Tue Apr 29 13:51:05 UTC 2025
Automated commit on Wed Apr 30 13:46:56 UTC 2025
Automated commit on Thu May  1 13:45:20 UTC 2025
Automated commit on Fri May  2 13:45:48 UTC 2025
Automated commit on Sat May  3 13:42:25 UTC 2025
Automated commit on Sun May  4 13:42:36 UTC 2025
Automated commit on Mon May  5 13:47:04 UTC 2025
Automated commit on Tue May  6 13:49:03 UTC 2025
Automated commit on Wed May  7 13:50:17 UTC 2025
Automated commit on Thu May  8 13:44:33 UTC 2025
Automated commit on Fri May  9 13:46:49 UTC 2025
Automated commit on Sat May 10 13:42:42 UTC 2025
Automated commit on Sun May 11 13:43:26 UTC 2025
Automated commit on Mon May 12 13:48:35 UTC 2025
Automated commit on Tue May 13 13:50:48 UTC 2025
Automated commit on Wed May 14 13:48:23 UTC 2025
Automated commit on Thu May 15 13:47:56 UTC 2025
Automated commit on Fri May 16 13:47:36 UTC 2025
Automated commit on Sat May 17 13:42:47 UTC 2025
Automated commit on Sun May 18 13:43:07 UTC 2025
Automated commit on Mon May 19 13:50:12 UTC 2025
Automated commit on Tue May 20 13:50:21 UTC 2025
Automated commit on Wed May 21 13:49:06 UTC 2025
Automated commit on Thu May 22 13:49:52 UTC 2025
Automated commit on Fri May 23 13:47:10 UTC 2025
Automated commit on Sat May 24 13:43:32 UTC 2025
Automated commit on Sun May 25 13:43:08 UTC 2025
Automated commit on Mon May 26 13:47:59 UTC 2025
Automated commit on Tue May 27 13:50:36 UTC 2025
Automated commit on Wed May 28 13:50:08 UTC 2025
Automated commit on Thu May 29 13:47:38 UTC 2025
Automated commit on Fri May 30 13:48:00 UTC 2025
Automated commit on Sat May 31 13:45:19 UTC 2025
Automated commit on Sun Jun  1 13:44:49 UTC 2025
Automated commit on Mon Jun  2 13:50:13 UTC 2025
Automated commit on Tue Jun  3 13:51:42 UTC 2025
Automated commit on Wed Jun  4 13:51:50 UTC 2025
Automated commit on Thu Jun  5 13:51:12 UTC 2025
Automated commit on Fri Jun  6 13:49:29 UTC 2025
Automated commit on Sat Jun  7 13:44:19 UTC 2025
Automated commit on Sun Jun  8 13:44:31 UTC 2025
Automated commit on Mon Jun  9 13:50:39 UTC 2025
Automated commit on Tue Jun 10 13:51:44 UTC 2025
Automated commit on Wed Jun 11 13:51:33 UTC 2025
Automated commit on Thu Jun 12 13:51:18 UTC 2025
Automated commit on Fri Jun 13 13:49:29 UTC 2025
Automated commit on Sat Jun 14 13:44:56 UTC 2025
Automated commit on Sun Jun 15 13:44:49 UTC 2025
Automated commit on Mon Jun 16 13:52:45 UTC 2025
Automated commit on Tue Jun 17 13:51:30 UTC 2025
Automated commit on Wed Jun 18 13:52:07 UTC 2025
Automated commit on Thu Jun 19 13:49:43 UTC 2025
Automated commit on Fri Jun 20 13:49:09 UTC 2025
Automated commit on Sat Jun 21 13:44:50 UTC 2025
Automated commit on Sun Jun 22 13:44:52 UTC 2025
Automated commit on Mon Jun 23 13:53:07 UTC 2025
Automated commit on Tue Jun 24 13:52:44 UTC 2025
Automated commit on Wed Jun 25 13:53:38 UTC 2025
Automated commit on Thu Jun 26 13:51:05 UTC 2025
Automated commit on Fri Jun 27 13:49:17 UTC 2025
Automated commit on Sat Jun 28 13:45:12 UTC 2025
Automated commit on Sun Jun 29 13:47:16 UTC 2025
Automated commit on Mon Jun 30 13:52:01 UTC 2025
Automated commit on Tue Jul  1 13:51:58 UTC 2025
Automated commit on Wed Jul  2 13:51:04 UTC 2025
Automated commit on Thu Jul  3 13:50:25 UTC 2025
Automated commit on Fri Jul  4 13:49:12 UTC 2025
Automated commit on Sat Jul  5 13:45:23 UTC 2025
Automated commit on Sun Jul  6 13:45:49 UTC 2025
Automated commit on Mon Jul  7 13:51:58 UTC 2025
Automated commit on Tue Jul  8 13:54:42 UTC 2025
Automated commit on Wed Jul  9 13:52:19 UTC 2025
Automated commit on Thu Jul 10 13:53:35 UTC 2025
Automated commit on Fri Jul 11 13:51:16 UTC 2025
Automated commit on Sat Jul 12 13:47:20 UTC 2025
Automated commit on Sun Jul 13 13:47:13 UTC 2025
Automated commit on Mon Jul 14 13:54:52 UTC 2025
Automated commit on Tue Jul 15 13:55:57 UTC 2025
Automated commit on Wed Jul 16 13:56:34 UTC 2025
Automated commit on Thu Jul 17 13:55:29 UTC 2025
Automated commit on Fri Jul 18 13:56:29 UTC 2025
Automated commit on Sat Jul 19 13:49:00 UTC 2025
Automated commit on Sun Jul 20 13:50:09 UTC 2025
Automated commit on Mon Jul 21 13:57:28 UTC 2025
Automated commit on Tue Jul 22 13:57:07 UTC 2025
Automated commit on Wed Jul 23 13:55:23 UTC 2025
Automated commit on Thu Jul 24 13:56:59 UTC 2025
Automated commit on Fri Jul 25 13:54:56 UTC 2025
Automated commit on Sat Jul 26 13:49:56 UTC 2025
Automated commit on Sun Jul 27 13:49:23 UTC 2025
Automated commit on Mon Jul 28 13:58:49 UTC 2025
Automated commit on Tue Jul 29 13:59:37 UTC 2025
Automated commit on Wed Jul 30 13:58:42 UTC 2025
Automated commit on Thu Jul 31 13:58:03 UTC 2025
Automated commit on Fri Aug  1 13:57:25 UTC 2025
Automated commit on Sat Aug  2 13:49:06 UTC 2025
Automated commit on Sun Aug  3 13:50:58 UTC 2025
Automated commit on Mon Aug  4 14:00:07 UTC 2025
Automated commit on Tue Aug  5 14:01:00 UTC 2025
Automated commit on Wed Aug  6 14:00:09 UTC 2025
Automated commit on Thu Aug  7 13:59:03 UTC 2025
Automated commit on Fri Aug  8 13:57:23 UTC 2025
Automated commit on Sat Aug  9 13:47:27 UTC 2025
Automated commit on Sun Aug 10 13:47:54 UTC 2025
Automated commit on Mon Aug 11 13:57:05 UTC 2025
Automated commit on Tue Aug 12 13:52:35 UTC 2025
Automated commit on Wed Aug 13 13:54:12 UTC 2025
Automated commit on Thu Aug 14 13:53:53 UTC 2025
Automated commit on Fri Aug 15 13:48:37 UTC 2025
Automated commit on Sat Aug 16 13:44:43 UTC 2025
Automated commit on Sun Aug 17 13:46:03 UTC 2025
Automated commit on Mon Aug 18 13:54:43 UTC 2025
Automated commit on Tue Aug 19 13:48:42 UTC 2025
Automated commit on Wed Aug 20 13:49:03 UTC 2025
Automated commit on Thu Aug 21 13:48:37 UTC 2025
Automated commit on Fri Aug 22 13:46:27 UTC 2025
Automated commit on Sat Aug 23 13:42:30 UTC 2025
Automated commit on Sun Aug 24 13:43:23 UTC 2025
Automated commit on Mon Aug 25 13:48:47 UTC 2025
Automated commit on Tue Aug 26 13:49:08 UTC 2025
Automated commit on Wed Aug 27 13:46:32 UTC 2025
Automated commit on Thu Aug 28 13:46:26 UTC 2025
Automated commit on Fri Aug 29 13:44:58 UTC 2025
Automated commit on Sat Aug 30 13:40:41 UTC 2025
Automated commit on Sun Aug 31 13:41:31 UTC 2025
Automated commit on Mon Sep  1 13:47:03 UTC 2025
Automated commit on Tue Sep  2 13:47:57 UTC 2025
Automated commit on Wed Sep  3 13:44:53 UTC 2025
Automated commit on Thu Sep  4 13:44:28 UTC 2025
Automated commit on Fri Sep  5 13:44:14 UTC 2025
Automated commit on Sat Sep  6 13:40:44 UTC 2025
Automated commit on Sun Sep  7 13:40:39 UTC 2025
Automated commit on Mon Sep  8 13:47:23 UTC 2025
Automated commit on Tue Sep  9 13:49:40 UTC 2025
Automated commit on Wed Sep 10 13:44:32 UTC 2025
Automated commit on Thu Sep 11 13:42:29 UTC 2025
Automated commit on Fri Sep 12 13:43:24 UTC 2025
Automated commit on Sat Sep 13 13:40:55 UTC 2025
Automated commit on Sun Sep 14 13:40:42 UTC 2025
Automated commit on Mon Sep 15 13:43:34 UTC 2025
Automated commit on Tue Sep 16 13:47:09 UTC 2025
Automated commit on Wed Sep 17 13:45:21 UTC 2025
Automated commit on Thu Sep 18 13:44:48 UTC 2025
Automated commit on Fri Sep 19 13:44:48 UTC 2025
Automated commit on Sat Sep 20 13:40:49 UTC 2025
Automated commit on Sun Sep 21 13:41:01 UTC 2025
Automated commit on Mon Sep 22 13:46:46 UTC 2025
Automated commit on Tue Sep 23 13:47:02 UTC 2025
Automated commit on Wed Sep 24 13:46:41 UTC 2025
Automated commit on Thu Sep 25 13:46:48 UTC 2025
Automated commit on Fri Sep 26 13:45:35 UTC 2025
Automated commit on Sat Sep 27 13:40:43 UTC 2025
Automated commit on Sun Sep 28 13:40:40 UTC 2025
Automated commit on Mon Sep 29 13:47:20 UTC 2025
Automated commit on Tue Sep 30 13:47:40 UTC 2025
Automated commit on Wed Oct  1 13:47:43 UTC 2025
Automated commit on Thu Oct  2 13:44:13 UTC 2025
Automated commit on Fri Oct  3 13:43:44 UTC 2025
Automated commit on Sat Oct  4 13:40:43 UTC 2025
Automated commit on Sun Oct  5 13:40:50 UTC 2025
Automated commit on Mon Oct  6 13:47:02 UTC 2025
Automated commit on Tue Oct  7 13:47:08 UTC 2025
Automated commit on Wed Oct  8 13:46:55 UTC 2025
Automated commit on Fri Oct 10 13:45:32 UTC 2025
Automated commit on Sat Oct 11 13:40:39 UTC 2025
Automated commit on Sun Oct 12 13:40:37 UTC 2025
Automated commit on Mon Oct 13 13:48:20 UTC 2025
Automated commit on Tue Oct 14 13:48:20 UTC 2025
Automated commit on Wed Oct 15 13:49:01 UTC 2025
Automated commit on Thu Oct 16 13:49:22 UTC 2025
Automated commit on Fri Oct 17 13:45:29 UTC 2025
Automated commit on Sat Oct 18 13:41:01 UTC 2025
Automated commit on Sun Oct 19 13:41:06 UTC 2025
Automated commit on Mon Oct 20 13:47:42 UTC 2025
Automated commit on Tue Oct 21 13:51:19 UTC 2025
Automated commit on Wed Oct 22 13:51:42 UTC 2025
Automated commit on Thu Oct 23 13:49:59 UTC 2025
Automated commit on Fri Oct 24 13:47:44 UTC 2025
Automated commit on Sat Oct 25 13:41:04 UTC 2025
Automated commit on Sun Oct 26 13:41:44 UTC 2025
Automated commit on Mon Oct 27 13:50:55 UTC 2025
Automated commit on Tue Oct 28 13:48:53 UTC 2025
Automated commit on Wed Oct 29 13:51:25 UTC 2025
Automated commit on Thu Oct 30 13:49:07 UTC 2025
Automated commit on Fri Oct 31 13:47:48 UTC 2025
Automated commit on Sat Nov  1 13:41:36 UTC 2025
Automated commit on Sun Nov  2 13:41:32 UTC 2025
Automated commit on Mon Nov  3 13:48:07 UTC 2025
Automated commit on Tue Nov  4 13:51:07 UTC 2025
Automated commit on Wed Nov  5 13:50:38 UTC 2025
Automated commit on Thu Nov  6 13:50:20 UTC 2025
Automated commit on Fri Nov  7 13:46:08 UTC 2025
Automated commit on Sat Nov  8 13:41:55 UTC 2025
Automated commit on Sun Nov  9 13:42:35 UTC 2025
Automated commit on Mon Nov 10 13:49:24 UTC 2025
Automated commit on Tue Nov 11 13:48:42 UTC 2025
Automated commit on Wed Nov 12 13:51:04 UTC 2025
Automated commit on Thu Nov 13 13:51:42 UTC 2025
Automated commit on Fri Nov 14 13:47:29 UTC 2025
Automated commit on Sat Nov 15 13:42:23 UTC 2025
Automated commit on Sun Nov 16 13:42:21 UTC 2025
Automated commit on Mon Nov 17 13:49:56 UTC 2025
Automated commit on Tue Nov 18 13:49:48 UTC 2025
Automated commit on Wed Nov 19 13:50:25 UTC 2025
Automated commit on Thu Nov 20 13:47:02 UTC 2025
Automated commit on Fri Nov 21 13:46:19 UTC 2025
Automated commit on Sat Nov 22 13:41:48 UTC 2025
Automated commit on Sun Nov 23 13:41:50 UTC 2025
Automated commit on Mon Nov 24 13:52:05 UTC 2025
Automated commit on Tue Nov 25 13:51:24 UTC 2025
Automated commit on Wed Nov 26 13:52:25 UTC 2025
Automated commit on Thu Nov 27 13:50:30 UTC 2025
Automated commit on Fri Nov 28 13:47:39 UTC 2025
Automated commit on Sat Nov 29 13:43:55 UTC 2025
Automated commit on Sun Nov 30 13:44:06 UTC 2025
Automated commit on Mon Dec  1 13:53:13 UTC 2025
Automated commit on Tue Dec  2 13:55:02 UTC 2025
Automated commit on Wed Dec  3 13:54:51 UTC 2025
Automated commit on Thu Dec  4 13:54:45 UTC 2025
Automated commit on Fri Dec  5 13:50:45 UTC 2025
Automated commit on Sat Dec  6 13:44:05 UTC 2025
Automated commit on Sun Dec  7 13:43:04 UTC 2025
Automated commit on Mon Dec  8 13:52:56 UTC 2025
Automated commit on Tue Dec  9 13:54:09 UTC 2025
Automated commit on Wed Dec 10 13:56:31 UTC 2025
Automated commit on Thu Dec 11 13:57:10 UTC 2025
Automated commit on Fri Dec 12 13:53:06 UTC 2025
Automated commit on Sat Dec 13 13:44:59 UTC 2025
Automated commit on Sun Dec 14 13:45:16 UTC 2025
Automated commit on Mon Dec 15 13:58:19 UTC 2025
Automated commit on Tue Dec 16 13:56:57 UTC 2025
Automated commit on Wed Dec 17 13:52:39 UTC 2025
Automated commit on Thu Dec 18 13:55:52 UTC 2025
Automated commit on Fri Dec 19 13:51:26 UTC 2025
Automated commit on Sat Dec 20 13:45:09 UTC 2025
Automated commit on Sun Dec 21 13:45:56 UTC 2025
Automated commit on Mon Dec 22 13:52:45 UTC 2025
Automated commit on Tue Dec 23 13:53:56 UTC 2025
Automated commit on Wed Dec 24 13:49:59 UTC 2025
Automated commit on Thu Dec 25 13:50:17 UTC 2025
Automated commit on Fri Dec 26 13:50:37 UTC 2025
Automated commit on Sat Dec 27 13:46:32 UTC 2025
Automated commit on Sun Dec 28 13:48:03 UTC 2025
Automated commit on Mon Dec 29 13:55:05 UTC 2025
Automated commit on Tue Dec 30 13:54:38 UTC 2025
Automated commit on Wed Dec 31 13:50:53 UTC 2025
Automated commit on Thu Jan  1 13:51:37 UTC 2026
Automated commit on Fri Jan  2 13:50:58 UTC 2026
Automated commit on Sat Jan  3 13:47:16 UTC 2026
Automated commit on Sun Jan  4 13:47:44 UTC 2026
Automated commit on Mon Jan  5 13:58:03 UTC 2026
Automated commit on Tue Jan  6 13:56:03 UTC 2026
Automated commit on Wed Jan  7 13:57:37 UTC 2026
Automated commit on Thu Jan  8 13:58:39 UTC 2026
Automated commit on Fri Jan  9 13:56:27 UTC 2026
Automated commit on Sat Jan 10 13:47:13 UTC 2026
Automated commit on Sun Jan 11 13:48:56 UTC 2026
Automated commit on Mon Jan 12 13:59:35 UTC 2026
Automated commit on Tue Jan 13 13:59:13 UTC 2026
Automated commit on Wed Jan 14 13:59:05 UTC 2026
Automated commit on Thu Jan 15 13:58:39 UTC 2026
Automated commit on Fri Jan 16 13:57:05 UTC 2026
Automated commit on Sat Jan 17 13:47:22 UTC 2026
Automated commit on Sun Jan 18 13:47:50 UTC 2026
Automated commit on Mon Jan 19 14:00:49 UTC 2026
Automated commit on Tue Jan 20 14:02:44 UTC 2026
Automated commit on Wed Jan 21 14:02:48 UTC 2026
Automated commit on Thu Jan 22 14:02:54 UTC 2026
Automated commit on Fri Jan 23 13:59:37 UTC 2026
Automated commit on Sat Jan 24 13:48:55 UTC 2026
Automated commit on Sun Jan 25 13:51:00 UTC 2026
Automated commit on Mon Jan 26 14:00:50 UTC 2026
Automated commit on Tue Jan 27 14:03:15 UTC 2026
Automated commit on Wed Jan 28 14:03:19 UTC 2026
Automated commit on Thu Jan 29 14:21:42 UTC 2026
Automated commit on Fri Jan 30 14:08:20 UTC 2026
Automated commit on Sat Jan 31 13:58:34 UTC 2026
Automated commit on Sun Feb  1 14:00:21 UTC 2026
Automated commit on Mon Feb  2 14:23:09 UTC 2026
Automated commit on Tue Feb  3 14:26:24 UTC 2026
Automated commit on Wed Feb  4 14:24:55 UTC 2026
Automated commit on Thu Feb  5 14:27:39 UTC 2026
Automated commit on Fri Feb  6 14:23:40 UTC 2026
Automated commit on Sat Feb  7 14:00:15 UTC 2026
Automated commit on Sun Feb  8 14:01:39 UTC 2026
Automated commit on Mon Feb  9 14:35:49 UTC 2026
Automated commit on Tue Feb 10 14:42:43 UTC 2026
Automated commit on Wed Feb 11 14:37:38 UTC 2026
Automated commit on Thu Feb 12 14:32:29 UTC 2026
Automated commit on Fri Feb 13 14:24:34 UTC 2026
Automated commit on Sat Feb 14 14:01:09 UTC 2026
Automated commit on Sun Feb 15 14:01:56 UTC 2026
Automated commit on Mon Feb 16 14:26:31 UTC 2026
Automated commit on Tue Feb 17 14:29:06 UTC 2026
Automated commit on Wed Feb 18 14:28:37 UTC 2026
Automated commit on Thu Feb 19 14:31:44 UTC 2026
Automated commit on Fri Feb 20 14:22:29 UTC 2026
Automated commit on Sat Feb 21 13:59:55 UTC 2026
Automated commit on Sun Feb 22 14:01:09 UTC 2026
